<?xml version="1.0" encoding="UTF-8"?>
<export version="E">
  <design>
    <source>Z:\Keyboard Stuff\ahoy_macropad\ahoy_pcb\ahoy_pcb.kicad_sch</source>
    <date>7/11/2021 3:30:20 PM</date>
    <tool>Eeschema (5.99.0-10577-g57d4347f00)</tool>
    <sheet number="1" name="/" tstamps="/">
      <title_block>
        <title>Ahoy Macropad</title>
        <company/>
        <rev>0.1</rev>
        <date/>
        <source>ahoy_pcb.kicad_sch</source>
        <comment number="1" value=""/>
        <comment number="2" value=""/>
        <comment number="3" value=""/>
        <comment number="4" value=""/>
        <comment number="5" value=""/>
        <comment number="6" value=""/>
        <comment number="7" value=""/>
        <comment number="8" value=""/>
        <comment number="9" value=""/>
      </title_block>
    </sheet>
  </design>
  <components>
    <comp ref="C1">
      <value>22pF</value>
      <footprint>Capacitor_SMD:C_0805_2012Metric</footprint>
      <datasheet>~</datasheet>
      <libsource lib="Device" part="C_Small" description="Unpolarized capacitor, small symbol"/>
      <property name="Sheetname" value=""/>
      <property name="Sheetfile" value="ahoy_pcb.kicad_sch"/>
      <sheetpath names="/" tstamps="/"/>
      <tstamps>1d2bd9f9-4521-4265-a763-647aba19aca4</tstamps>
    </comp>
    <comp ref="C2">
      <value>22pF</value>
      <footprint>Capacitor_SMD:C_0805_2012Metric</footprint>
      <datasheet>~</datasheet>
      <libsource lib="Device" part="C_Small" description="Unpolarized capacitor, small symbol"/>
      <property name="Sheetname" value=""/>
      <property name="Sheetfile" value="ahoy_pcb.kicad_sch"/>
      <sheetpath names="/" tstamps="/"/>
      <tstamps>afece435-9d30-4286-8936-fe9053180b3d</tstamps>
    </comp>
    <comp ref="C3">
      <value>1uF</value>
      <footprint>Capacitor_SMD:C_0805_2012Metric</footprint>
      <datasheet>~</datasheet>
      <libsource lib="Device" part="C_Small" description="Unpolarized capacitor, small symbol"/>
      <property name="Sheetname" value=""/>
      <property name="Sheetfile" value="ahoy_pcb.kicad_sch"/>
      <sheetpath names="/" tstamps="/"/>
      <tstamps>2d23de17-5d00-43e1-9825-fe2dacad2799</tstamps>
    </comp>
    <comp ref="C4">
      <value>0.1uF</value>
      <footprint>Capacitor_SMD:C_0805_2012Metric</footprint>
      <datasheet>~</datasheet>
      <libsource lib="Device" part="C_Small" description="Unpolarized capacitor, small symbol"/>
      <property name="Sheetname" value=""/>
      <property name="Sheetfile" value="ahoy_pcb.kicad_sch"/>
      <sheetpath names="/" tstamps="/"/>
      <tstamps>fcb6627a-4917-46de-9321-7e47dd630498</tstamps>
    </comp>
    <comp ref="C5">
      <value>0.1uF</value>
      <footprint>Capacitor_SMD:C_0805_2012Metric</footprint>
      <datasheet>~</datasheet>
      <libsource lib="Device" part="C_Small" description="Unpolarized capacitor, small symbol"/>
      <property name="Sheetname" value=""/>
      <property name="Sheetfile" value="ahoy_pcb.kicad_sch"/>
      <sheetpath names="/" tstamps="/"/>
      <tstamps>5a0c1ecc-ec5f-4fe6-8ed7-5e4f9ee2f122</tstamps>
    </comp>
    <comp ref="C6">
      <value>0.1uF</value>
      <footprint>Capacitor_SMD:C_0805_2012Metric</footprint>
      <datasheet>~</datasheet>
      <libsource lib="Device" part="C_Small" description="Unpolarized capacitor, small symbol"/>
      <property name="Sheetname" value=""/>
      <property name="Sheetfile" value="ahoy_pcb.kicad_sch"/>
      <sheetpath names="/" tstamps="/"/>
      <tstamps>3193a0e4-7157-4b78-8cff-441ad4055dc2</tstamps>
    </comp>
    <comp ref="C7">
      <value>10uF</value>
      <footprint>Capacitor_SMD:C_0805_2012Metric</footprint>
      <datasheet>~</datasheet>
      <libsource lib="Device" part="C_Small" description="Unpolarized capacitor, small symbol"/>
      <property name="Sheetname" value=""/>
      <property name="Sheetfile" value="ahoy_pcb.kicad_sch"/>
      <sheetpath names="/" tstamps="/"/>
      <tstamps>16457f57-dfa6-4d82-a018-94505ae9f707</tstamps>
    </comp>
    <comp ref="C8">
      <value>10uF</value>
      <footprint>Capacitor_SMD:C_0805_2012Metric</footprint>
      <datasheet>~</datasheet>
      <libsource lib="Device" part="C_Small" description="Unpolarized capacitor, small symbol"/>
      <property name="Sheetname" value=""/>
      <property name="Sheetfile" value="ahoy_pcb.kicad_sch"/>
      <sheetpath names="/" tstamps="/"/>
      <tstamps>2aaa94f6-41ef-46db-9cab-912b4075c479</tstamps>
    </comp>
    <comp ref="C9">
      <value>10uF</value>
      <footprint>Capacitor_SMD:C_0805_2012Metric</footprint>
      <datasheet>~</datasheet>
      <libsource lib="Device" part="C_Small" description="Unpolarized capacitor, small symbol"/>
      <property name="Sheetname" value=""/>
      <property name="Sheetfile" value="ahoy_pcb.kicad_sch"/>
      <sheetpath names="/" tstamps="/"/>
      <tstamps>5e501b11-4e97-4c54-80d3-d4652092b1af</tstamps>
    </comp>
    <comp ref="C10">
      <value>10uF</value>
      <footprint>Capacitor_SMD:C_0805_2012Metric</footprint>
      <datasheet>~</datasheet>
      <libsource lib="Device" part="C_Small" description="Unpolarized capacitor, small symbol"/>
      <property name="Sheetname" value=""/>
      <property name="Sheetfile" value="ahoy_pcb.kicad_sch"/>
      <sheetpath names="/" tstamps="/"/>
      <tstamps>f549d187-1da7-43b1-adea-516cff0bf5f3</tstamps>
    </comp>
    <comp ref="C11">
      <value>10uF</value>
      <footprint>Capacitor_SMD:C_0805_2012Metric</footprint>
      <datasheet>~</datasheet>
      <libsource lib="Device" part="C_Small" description="Unpolarized capacitor, small symbol"/>
      <property name="Sheetname" value=""/>
      <property name="Sheetfile" value="ahoy_pcb.kicad_sch"/>
      <sheetpath names="/" tstamps="/"/>
      <tstamps>36d8da16-e84b-43b8-953b-46daf864c4fb</tstamps>
    </comp>
    <comp ref="C12">
      <value>10uF</value>
      <footprint>Capacitor_SMD:C_0805_2012Metric</footprint>
      <datasheet>~</datasheet>
      <libsource lib="Device" part="C_Small" description="Unpolarized capacitor, small symbol"/>
      <property name="Sheetname" value=""/>
      <property name="Sheetfile" value="ahoy_pcb.kicad_sch"/>
      <sheetpath names="/" tstamps="/"/>
      <tstamps>2f9b1544-c87a-45da-88b2-aba8df99464a</tstamps>
    </comp>
    <comp ref="C13">
      <value>10uF</value>
      <footprint>Capacitor_SMD:C_0805_2012Metric</footprint>
      <datasheet>~</datasheet>
      <libsource lib="Device" part="C_Small" description="Unpolarized capacitor, small symbol"/>
      <property name="Sheetname" value=""/>
      <property name="Sheetfile" value="ahoy_pcb.kicad_sch"/>
      <sheetpath names="/" tstamps="/"/>
      <tstamps>d3944583-e32d-4342-abce-a343caf9f2ac</tstamps>
    </comp>
    <comp ref="C14">
      <value>10uF</value>
      <footprint>Capacitor_SMD:C_0805_2012Metric</footprint>
      <datasheet>~</datasheet>
      <libsource lib="Device" part="C_Small" description="Unpolarized capacitor, small symbol"/>
      <property name="Sheetname" value=""/>
      <property name="Sheetfile" value="ahoy_pcb.kicad_sch"/>
      <sheetpath names="/" tstamps="/"/>
      <tstamps>99afe986-81b8-4147-817b-57049d65fef1</tstamps>
    </comp>
    <comp ref="C15">
      <value>10uF</value>
      <footprint>Capacitor_SMD:C_0805_2012Metric</footprint>
      <datasheet>~</datasheet>
      <libsource lib="Device" part="C_Small" description="Unpolarized capacitor, small symbol"/>
      <property name="Sheetname" value=""/>
      <property name="Sheetfile" value="ahoy_pcb.kicad_sch"/>
      <sheetpath names="/" tstamps="/"/>
      <tstamps>9546cf10-85ff-44ee-aa06-d7143831e870</tstamps>
    </comp>
    <comp ref="D1">
      <value>D_Small</value>
      <footprint>Diode_SMD:D_SOD-123</footprint>
      <datasheet>~</datasheet>
      <libsource lib="Device" part="D_Small" description="Diode, small symbol"/>
      <property name="Sheetname" value=""/>
      <property name="Sheetfile" value="ahoy_pcb.kicad_sch"/>
      <sheetpath names="/" tstamps="/"/>
      <tstamps>62aaf6ec-bf81-4678-9d67-9aa188bb659f</tstamps>
    </comp>
    <comp ref="D2">
      <value>D_Small</value>
      <footprint>Diode_SMD:D_SOD-123</footprint>
      <datasheet>~</datasheet>
      <libsource lib="Device" part="D_Small" description="Diode, small symbol"/>
      <property name="Sheetname" value=""/>
      <property name="Sheetfile" value="ahoy_pcb.kicad_sch"/>
      <sheetpath names="/" tstamps="/"/>
      <tstamps>fddd64ca-8f69-45a5-9d6f-815024082ea3</tstamps>
    </comp>
    <comp ref="D3">
      <value>D_Small</value>
      <footprint>Diode_SMD:D_SOD-123</footprint>
      <datasheet>~</datasheet>
      <libsource lib="Device" part="D_Small" description="Diode, small symbol"/>
      <property name="Sheetname" value=""/>
      <property name="Sheetfile" value="ahoy_pcb.kicad_sch"/>
      <sheetpath names="/" tstamps="/"/>
      <tstamps>e4d75393-283f-46ef-ac97-1ad590359d5e</tstamps>
    </comp>
    <comp ref="D4">
      <value>D_Small</value>
      <footprint>Diode_SMD:D_SOD-123</footprint>
      <datasheet>~</datasheet>
      <libsource lib="Device" part="D_Small" description="Diode, small symbol"/>
      <property name="Sheetname" value=""/>
      <property name="Sheetfile" value="ahoy_pcb.kicad_sch"/>
      <sheetpath names="/" tstamps="/"/>
      <tstamps>90df9666-0235-4cfa-8864-45b48d8ecee9</tstamps>
    </comp>
    <comp ref="D5">
      <value>D_Small</value>
      <footprint>Diode_SMD:D_SOD-123</footprint>
      <datasheet>~</datasheet>
      <libsource lib="Device" part="D_Small" description="Diode, small symbol"/>
      <property name="Sheetname" value=""/>
      <property name="Sheetfile" value="ahoy_pcb.kicad_sch"/>
      <sheetpath names="/" tstamps="/"/>
      <tstamps>e0175f4d-032d-4f2b-bdeb-83b0568e71d3</tstamps>
    </comp>
    <comp ref="D6">
      <value>D_Small</value>
      <footprint>Diode_SMD:D_SOD-123</footprint>
      <datasheet>~</datasheet>
      <libsource lib="Device" part="D_Small" description="Diode, small symbol"/>
      <property name="Sheetname" value=""/>
      <property name="Sheetfile" value="ahoy_pcb.kicad_sch"/>
      <sheetpath names="/" tstamps="/"/>
      <tstamps>55ab395c-60a6-4d77-8d0c-09f774316049</tstamps>
    </comp>
    <comp ref="D7">
      <value>D_Small</value>
      <footprint>Diode_SMD:D_SOD-123</footprint>
      <datasheet>~</datasheet>
      <libsource lib="Device" part="D_Small" description="Diode, small symbol"/>
      <property name="Sheetname" value=""/>
      <property name="Sheetfile" value="ahoy_pcb.kicad_sch"/>
      <sheetpath names="/" tstamps="/"/>
      <tstamps>6060ceed-7084-4b44-a7ef-d224af49ce65</tstamps>
    </comp>
    <comp ref="D8">
      <value>D_Small</value>
      <footprint>Diode_SMD:D_SOD-123</footprint>
      <datasheet>~</datasheet>
      <libsource lib="Device" part="D_Small" description="Diode, small symbol"/>
      <property name="Sheetname" value=""/>
      <property name="Sheetfile" value="ahoy_pcb.kicad_sch"/>
      <sheetpath names="/" tstamps="/"/>
      <tstamps>efcb1490-54e6-4f7b-8b54-c75a3f666995</tstamps>
    </comp>
    <comp ref="D9">
      <value>D_Small</value>
      <footprint>Diode_SMD:D_SOD-123</footprint>
      <datasheet>~</datasheet>
      <libsource lib="Device" part="D_Small" description="Diode, small symbol"/>
      <property name="Sheetname" value=""/>
      <property name="Sheetfile" value="ahoy_pcb.kicad_sch"/>
      <sheetpath names="/" tstamps="/"/>
      <tstamps>5135df83-5813-4447-9665-8eab8c56e4ec</tstamps>
    </comp>
    <comp ref="D10">
      <value>D_Small</value>
      <footprint>Diode_SMD:D_SOD-123</footprint>
      <datasheet>~</datasheet>
      <libsource lib="Device" part="D_Small" description="Diode, small symbol"/>
      <property name="Sheetname" value=""/>
      <property name="Sheetfile" value="ahoy_pcb.kicad_sch"/>
      <sheetpath names="/" tstamps="/"/>
      <tstamps>79dbac21-d45b-403c-a69e-3f90420c3b50</tstamps>
    </comp>
    <comp ref="D11">
      <value>D_Small</value>
      <footprint>Diode_SMD:D_SOD-123</footprint>
      <datasheet>~</datasheet>
      <libsource lib="Device" part="D_Small" description="Diode, small symbol"/>
      <property name="Sheetname" value=""/>
      <property name="Sheetfile" value="ahoy_pcb.kicad_sch"/>
      <sheetpath names="/" tstamps="/"/>
      <tstamps>36b5cbd3-a8bc-4374-b2ed-e8f2e14eff64</tstamps>
    </comp>
    <comp ref="D12">
      <value>D_Small</value>
      <footprint>Diode_SMD:D_SOD-123</footprint>
      <datasheet>~</datasheet>
      <libsource lib="Device" part="D_Small" description="Diode, small symbol"/>
      <property name="Sheetname" value=""/>
      <property name="Sheetfile" value="ahoy_pcb.kicad_sch"/>
      <sheetpath names="/" tstamps="/"/>
      <tstamps>9a100e06-c566-48f4-be31-a7744fa750c9</tstamps>
    </comp>
    <comp ref="D13">
      <value>D_Small</value>
      <footprint>Diode_SMD:D_SOD-123</footprint>
      <datasheet>~</datasheet>
      <libsource lib="Device" part="D_Small" description="Diode, small symbol"/>
      <property name="Sheetname" value=""/>
      <property name="Sheetfile" value="ahoy_pcb.kicad_sch"/>
      <sheetpath names="/" tstamps="/"/>
      <tstamps>1d3e7d6c-bf78-4df1-a673-7220add822a7</tstamps>
    </comp>
    <comp ref="D14">
      <value>D_Small</value>
      <footprint>Diode_SMD:D_SOD-123</footprint>
      <datasheet>~</datasheet>
      <libsource lib="Device" part="D_Small" description="Diode, small symbol"/>
      <property name="Sheetname" value=""/>
      <property name="Sheetfile" value="ahoy_pcb.kicad_sch"/>
      <sheetpath names="/" tstamps="/"/>
      <tstamps>fe25db68-4093-4d7f-b1d5-500e0b5a59f2</tstamps>
    </comp>
    <comp ref="D15">
      <value>D_Small</value>
      <footprint>Diode_SMD:D_SOD-123</footprint>
      <datasheet>~</datasheet>
      <libsource lib="Device" part="D_Small" description="Diode, small symbol"/>
      <property name="Sheetname" value=""/>
      <property name="Sheetfile" value="ahoy_pcb.kicad_sch"/>
      <sheetpath names="/" tstamps="/"/>
      <tstamps>53ff6e5d-5ffd-4645-baf5-47ff517304af</tstamps>
    </comp>
    <comp ref="D16">
      <value>D_Small</value>
      <footprint>Diode_SMD:D_SOD-123</footprint>
      <datasheet>~</datasheet>
      <libsource lib="Device" part="D_Small" description="Diode, small symbol"/>
      <property name="Sheetname" value=""/>
      <property name="Sheetfile" value="ahoy_pcb.kicad_sch"/>
      <sheetpath names="/" tstamps="/"/>
      <tstamps>3ea30afa-bb47-46f6-83a6-16e1322133af</tstamps>
    </comp>
    <comp ref="D17">
      <value>D_Small</value>
      <footprint>Diode_SMD:D_SOD-123</footprint>
      <datasheet>~</datasheet>
      <libsource lib="Device" part="D_Small" description="Diode, small symbol"/>
      <property name="Sheetname" value=""/>
      <property name="Sheetfile" value="ahoy_pcb.kicad_sch"/>
      <sheetpath names="/" tstamps="/"/>
      <tstamps>bbbcdb25-caa2-4d94-a681-21a8a6b14c0e</tstamps>
    </comp>
    <comp ref="D18">
      <value>D_Small</value>
      <footprint>Diode_SMD:D_SOD-123</footprint>
      <datasheet>~</datasheet>
      <libsource lib="Device" part="D_Small" description="Diode, small symbol"/>
      <property name="Sheetname" value=""/>
      <property name="Sheetfile" value="ahoy_pcb.kicad_sch"/>
      <sheetpath names="/" tstamps="/"/>
      <tstamps>9224e600-0175-4ada-b7ba-39fc21e6960e</tstamps>
    </comp>
    <comp ref="D19">
      <value>D_Small</value>
      <footprint>Diode_SMD:D_SOD-123</footprint>
      <datasheet>~</datasheet>
      <libsource lib="Device" part="D_Small" description="Diode, small symbol"/>
      <property name="Sheetname" value=""/>
      <property name="Sheetfile" value="ahoy_pcb.kicad_sch"/>
      <sheetpath names="/" tstamps="/"/>
      <tstamps>0ddc534d-0e33-44e5-b488-dec0666d147d</tstamps>
    </comp>
    <comp ref="D20">
      <value>D_Small</value>
      <footprint>Diode_SMD:D_SOD-123</footprint>
      <datasheet>~</datasheet>
      <libsource lib="Device" part="D_Small" description="Diode, small symbol"/>
      <property name="Sheetname" value=""/>
      <property name="Sheetfile" value="ahoy_pcb.kicad_sch"/>
      <sheetpath names="/" tstamps="/"/>
      <tstamps>49a85ecb-6c70-4ed7-97cd-2086addfed91</tstamps>
    </comp>
    <comp ref="D21">
      <value>D_Small</value>
      <footprint>Diode_SMD:D_SOD-123</footprint>
      <datasheet>~</datasheet>
      <libsource lib="Device" part="D_Small" description="Diode, small symbol"/>
      <property name="Sheetname" value=""/>
      <property name="Sheetfile" value="ahoy_pcb.kicad_sch"/>
      <sheetpath names="/" tstamps="/"/>
      <tstamps>97e704ed-ce93-404b-b6b5-73eaa0b369b4</tstamps>
    </comp>
    <comp ref="D22">
      <value>D_Small</value>
      <footprint>Diode_SMD:D_SOD-123</footprint>
      <datasheet>~</datasheet>
      <libsource lib="Device" part="D_Small" description="Diode, small symbol"/>
      <property name="Sheetname" value=""/>
      <property name="Sheetfile" value="ahoy_pcb.kicad_sch"/>
      <sheetpath names="/" tstamps="/"/>
      <tstamps>f9e5a4c7-23d4-407d-8181-2b4ef0d83296</tstamps>
    </comp>
    <comp ref="D23">
      <value>D_Small</value>
      <footprint>Diode_SMD:D_SOD-123</footprint>
      <datasheet>~</datasheet>
      <libsource lib="Device" part="D_Small" description="Diode, small symbol"/>
      <property name="Sheetname" value=""/>
      <property name="Sheetfile" value="ahoy_pcb.kicad_sch"/>
      <sheetpath names="/" tstamps="/"/>
      <tstamps>1839634d-90ce-4328-883a-28c2f47da476</tstamps>
    </comp>
    <comp ref="D24">
      <value>D_Small</value>
      <footprint>Diode_SMD:D_SOD-123</footprint>
      <datasheet>~</datasheet>
      <libsource lib="Device" part="D_Small" description="Diode, small symbol"/>
      <property name="Sheetname" value=""/>
      <property name="Sheetfile" value="ahoy_pcb.kicad_sch"/>
      <sheetpath names="/" tstamps="/"/>
      <tstamps>fa9c1228-1da4-4ef7-a2c6-67c7d3799aef</tstamps>
    </comp>
    <comp ref="D25">
      <value>D_Small</value>
      <footprint>Diode_SMD:D_SOD-123</footprint>
      <datasheet>~</datasheet>
      <libsource lib="Device" part="D_Small" description="Diode, small symbol"/>
      <property name="Sheetname" value=""/>
      <property name="Sheetfile" value="ahoy_pcb.kicad_sch"/>
      <sheetpath names="/" tstamps="/"/>
      <tstamps>cd5b0b5a-c8f7-4931-8d06-e1ed9778fe97</tstamps>
    </comp>
    <comp ref="D26">
      <value>D_Small</value>
      <footprint>Diode_SMD:D_SOD-123</footprint>
      <datasheet>~</datasheet>
      <libsource lib="Device" part="D_Small" description="Diode, small symbol"/>
      <property name="Sheetname" value=""/>
      <property name="Sheetfile" value="ahoy_pcb.kicad_sch"/>
      <sheetpath names="/" tstamps="/"/>
      <tstamps>273f8b43-a1d8-464a-95e0-bcb9a4bb0944</tstamps>
    </comp>
    <comp ref="D27">
      <value>D_Small</value>
      <footprint>Diode_SMD:D_SOD-123</footprint>
      <datasheet>~</datasheet>
      <libsource lib="Device" part="D_Small" description="Diode, small symbol"/>
      <property name="Sheetname" value=""/>
      <property name="Sheetfile" value="ahoy_pcb.kicad_sch"/>
      <sheetpath names="/" tstamps="/"/>
      <tstamps>14264f4c-7558-4c14-8449-187d2826170e</tstamps>
    </comp>
    <comp ref="D28">
      <value>D_Small</value>
      <footprint>Diode_SMD:D_SOD-123</footprint>
      <datasheet>~</datasheet>
      <libsource lib="Device" part="D_Small" description="Diode, small symbol"/>
      <property name="Sheetname" value=""/>
      <property name="Sheetfile" value="ahoy_pcb.kicad_sch"/>
      <sheetpath names="/" tstamps="/"/>
      <tstamps>b3cb48a9-77b0-4361-af86-6ec6ca88a7ef</tstamps>
    </comp>
    <comp ref="D29">
      <value>D_Small</value>
      <footprint>Diode_SMD:D_SOD-123</footprint>
      <datasheet>~</datasheet>
      <libsource lib="Device" part="D_Small" description="Diode, small symbol"/>
      <property name="Sheetname" value=""/>
      <property name="Sheetfile" value="ahoy_pcb.kicad_sch"/>
      <sheetpath names="/" tstamps="/"/>
      <tstamps>77534e36-3081-4bb8-b9c0-05e69dc52e5b</tstamps>
    </comp>
    <comp ref="D30">
      <value>D_Small</value>
      <footprint>Diode_SMD:D_SOD-123</footprint>
      <datasheet>~</datasheet>
      <libsource lib="Device" part="D_Small" description="Diode, small symbol"/>
      <property name="Sheetname" value=""/>
      <property name="Sheetfile" value="ahoy_pcb.kicad_sch"/>
      <sheetpath names="/" tstamps="/"/>
      <tstamps>1a7cb379-eae1-42ad-8a7a-267d1babe346</tstamps>
    </comp>
    <comp ref="D31">
      <value>LED_Small</value>
      <footprint>ai03 Random Parts:LED_D3.0mm-Pretty</footprint>
      <datasheet>~</datasheet>
      <libsource lib="Device" part="LED_Small" description="Light emitting diode, small symbol"/>
      <property name="Sheetname" value=""/>
      <property name="Sheetfile" value="ahoy_pcb.kicad_sch"/>
      <sheetpath names="/" tstamps="/"/>
      <tstamps>d7644488-74ec-471c-b2a8-11cd8665b57e</tstamps>
    </comp>
    <comp ref="D32">
      <value>LED_Small</value>
      <footprint>ai03 Random Parts:LED_D3.0mm-Pretty</footprint>
      <datasheet>~</datasheet>
      <libsource lib="Device" part="LED_Small" description="Light emitting diode, small symbol"/>
      <property name="Sheetname" value=""/>
      <property name="Sheetfile" value="ahoy_pcb.kicad_sch"/>
      <sheetpath names="/" tstamps="/"/>
      <tstamps>b13f7b36-1b3d-428f-9114-1c57b9e4bf25</tstamps>
    </comp>
    <comp ref="D33">
      <value>LED_Small</value>
      <footprint>ai03 Random Parts:LED_D3.0mm-Pretty</footprint>
      <datasheet>~</datasheet>
      <libsource lib="Device" part="LED_Small" description="Light emitting diode, small symbol"/>
      <property name="Sheetname" value=""/>
      <property name="Sheetfile" value="ahoy_pcb.kicad_sch"/>
      <sheetpath names="/" tstamps="/"/>
      <tstamps>7c7f2aa0-a040-4371-9a87-e50f85dcdbd8</tstamps>
    </comp>
    <comp ref="F1">
      <value>Polyfuse_Small</value>
      <footprint>Fuse:Fuse_1206_3216Metric</footprint>
      <datasheet>~</datasheet>
      <libsource lib="Device" part="Polyfuse_Small" description="Resettable fuse, polymeric positive temperature coefficient, small symbol"/>
      <property name="Sheetname" value=""/>
      <property name="Sheetfile" value="ahoy_pcb.kicad_sch"/>
      <sheetpath names="/" tstamps="/"/>
      <tstamps>7ad9724d-12dd-46db-b796-473563dccad2</tstamps>
    </comp>
    <comp ref="LED1">
      <value>WS2812B</value>
      <footprint>Acheron Components:LED_WS2812B-Mini_3.5x3.5mm</footprint>
      <libsource lib="ws2812b" part="WS2812B" description="RGB LED with integrated controller"/>
      <property name="Sheetname" value=""/>
      <property name="Sheetfile" value="ahoy_pcb.kicad_sch"/>
      <sheetpath names="/" tstamps="/"/>
      <tstamps>708e3058-2923-4c8b-8ab5-09ab7bb068c3</tstamps>
    </comp>
    <comp ref="LED2">
      <value>WS2812B</value>
      <footprint>Acheron Components:LED_WS2812B-Mini_3.5x3.5mm</footprint>
      <libsource lib="ws2812b" part="WS2812B" description="RGB LED with integrated controller"/>
      <property name="Sheetname" value=""/>
      <property name="Sheetfile" value="ahoy_pcb.kicad_sch"/>
      <sheetpath names="/" tstamps="/"/>
      <tstamps>d2b27db9-a481-4375-a258-58135a47a378</tstamps>
    </comp>
    <comp ref="LED3">
      <value>WS2812B</value>
      <footprint>Acheron Components:LED_WS2812B-Mini_3.5x3.5mm</footprint>
      <libsource lib="ws2812b" part="WS2812B" description="RGB LED with integrated controller"/>
      <property name="Sheetname" value=""/>
      <property name="Sheetfile" value="ahoy_pcb.kicad_sch"/>
      <sheetpath names="/" tstamps="/"/>
      <tstamps>e999ed7f-40ee-45b0-abab-0f5b4b1ed433</tstamps>
    </comp>
    <comp ref="LED4">
      <value>WS2812B</value>
      <footprint>Acheron Components:LED_WS2812B-Mini_3.5x3.5mm</footprint>
      <libsource lib="ws2812b" part="WS2812B" description="RGB LED with integrated controller"/>
      <property name="Sheetname" value=""/>
      <property name="Sheetfile" value="ahoy_pcb.kicad_sch"/>
      <sheetpath names="/" tstamps="/"/>
      <tstamps>52e56308-b79c-4b5a-8f94-d15a593528e3</tstamps>
    </comp>
    <comp ref="LED5">
      <value>WS2812B</value>
      <footprint>Acheron Components:LED_WS2812B-Mini_3.5x3.5mm</footprint>
      <libsource lib="ws2812b" part="WS2812B" description="RGB LED with integrated controller"/>
      <property name="Sheetname" value=""/>
      <property name="Sheetfile" value="ahoy_pcb.kicad_sch"/>
      <sheetpath names="/" tstamps="/"/>
      <tstamps>4af7ab24-44cf-49b4-9b32-6e860deb153e</tstamps>
    </comp>
    <comp ref="LED6">
      <value>WS2812B</value>
      <footprint>Acheron Components:LED_WS2812B-Mini_3.5x3.5mm</footprint>
      <libsource lib="ws2812b" part="WS2812B" description="RGB LED with integrated controller"/>
      <property name="Sheetname" value=""/>
      <property name="Sheetfile" value="ahoy_pcb.kicad_sch"/>
      <sheetpath names="/" tstamps="/"/>
      <tstamps>5fe27e86-0e53-490f-aa9c-b70153f572cb</tstamps>
    </comp>
    <comp ref="LED7">
      <value>WS2812B</value>
      <footprint>Acheron Components:LED_WS2812B-Mini_3.5x3.5mm</footprint>
      <libsource lib="ws2812b" part="WS2812B" description="RGB LED with integrated controller"/>
      <property name="Sheetname" value=""/>
      <property name="Sheetfile" value="ahoy_pcb.kicad_sch"/>
      <sheetpath names="/" tstamps="/"/>
      <tstamps>e50e7ee1-e3cd-4bb1-83ff-3b70ad7f86ec</tstamps>
    </comp>
    <comp ref="LED8">
      <value>WS2812B</value>
      <footprint>Acheron Components:LED_WS2812B-Mini_3.5x3.5mm</footprint>
      <libsource lib="ws2812b" part="WS2812B" description="RGB LED with integrated controller"/>
      <property name="Sheetname" value=""/>
      <property name="Sheetfile" value="ahoy_pcb.kicad_sch"/>
      <sheetpath names="/" tstamps="/"/>
      <tstamps>5260b063-77e6-4b9a-8dc5-cef4aad6dab1</tstamps>
    </comp>
    <comp ref="MX1">
      <value>MX-NoLED</value>
      <footprint>ai03 MX Only Footprints:MXOnly-1U-NoLED</footprint>
      <libsource lib="MX_Alps_Hybrid" part="MX-NoLED" description=""/>
      <property name="Sheetname" value=""/>
      <property name="Sheetfile" value="ahoy_pcb.kicad_sch"/>
      <sheetpath names="/" tstamps="/"/>
      <tstamps>180227ff-df46-4b6a-ad2b-90328f624632</tstamps>
    </comp>
    <comp ref="MX2">
      <value>MX-NoLED</value>
      <footprint>ai03 MX Only Footprints:MXOnly-1U-NoLED</footprint>
      <libsource lib="MX_Alps_Hybrid" part="MX-NoLED" description=""/>
      <property name="Sheetname" value=""/>
      <property name="Sheetfile" value="ahoy_pcb.kicad_sch"/>
      <sheetpath names="/" tstamps="/"/>
      <tstamps>7450896a-9322-4039-97a2-d918fbd2908d</tstamps>
    </comp>
    <comp ref="MX3">
      <value>MX-NoLED</value>
      <footprint>ai03 MX Only Footprints:MXOnly-1U-NoLED</footprint>
      <libsource lib="MX_Alps_Hybrid" part="MX-NoLED" description=""/>
      <property name="Sheetname" value=""/>
      <property name="Sheetfile" value="ahoy_pcb.kicad_sch"/>
      <sheetpath names="/" tstamps="/"/>
      <tstamps>f6c93420-41ff-4b92-9290-857ac582d7fb</tstamps>
    </comp>
    <comp ref="MX4">
      <value>MX-NoLED</value>
      <footprint>ai03 MX Only Footprints:MXOnly-1U-NoLED</footprint>
      <libsource lib="MX_Alps_Hybrid" part="MX-NoLED" description=""/>
      <property name="Sheetname" value=""/>
      <property name="Sheetfile" value="ahoy_pcb.kicad_sch"/>
      <sheetpath names="/" tstamps="/"/>
      <tstamps>6db1b9f4-dd89-46c4-93b3-f63f0241815d</tstamps>
    </comp>
    <comp ref="MX5">
      <value>MX-NoLED</value>
      <footprint>ai03 MX Only Footprints:MXOnly-1U-NoLED</footprint>
      <libsource lib="MX_Alps_Hybrid" part="MX-NoLED" description=""/>
      <property name="Sheetname" value=""/>
      <property name="Sheetfile" value="ahoy_pcb.kicad_sch"/>
      <sheetpath names="/" tstamps="/"/>
      <tstamps>e05111d0-9b2c-4a0d-8ff2-3fe3c414be70</tstamps>
    </comp>
    <comp ref="MX6">
      <value>MX-NoLED</value>
      <footprint>ai03 MX Only Footprints:MXOnly-1U-NoLED</footprint>
      <libsource lib="MX_Alps_Hybrid" part="MX-NoLED" description=""/>
      <property name="Sheetname" value=""/>
      <property name="Sheetfile" value="ahoy_pcb.kicad_sch"/>
      <sheetpath names="/" tstamps="/"/>
      <tstamps>2ef731dc-981c-4bf4-9130-6dc908e5bba1</tstamps>
    </comp>
    <comp ref="MX7">
      <value>MX-NoLED</value>
      <footprint>ai03 MX Only Footprints:MXOnly-1U-NoLED</footprint>
      <libsource lib="MX_Alps_Hybrid" part="MX-NoLED" description=""/>
      <property name="Sheetname" value=""/>
      <property name="Sheetfile" value="ahoy_pcb.kicad_sch"/>
      <sheetpath names="/" tstamps="/"/>
      <tstamps>2f1cee32-f222-49cf-ac9f-1337164a25d6</tstamps>
    </comp>
    <comp ref="MX8">
      <value>MX-NoLED</value>
      <footprint>ai03 MX Only Footprints:MXOnly-1U-NoLED</footprint>
      <libsource lib="MX_Alps_Hybrid" part="MX-NoLED" description=""/>
      <property name="Sheetname" value=""/>
      <property name="Sheetfile" value="ahoy_pcb.kicad_sch"/>
      <sheetpath names="/" tstamps="/"/>
      <tstamps>0be09dee-0cb3-49f3-a744-2e810294d9e5</tstamps>
    </comp>
    <comp ref="MX9">
      <value>MX-NoLED</value>
      <footprint>ai03 MX Only Footprints:MXOnly-1U-NoLED</footprint>
      <libsource lib="MX_Alps_Hybrid" part="MX-NoLED" description=""/>
      <property name="Sheetname" value=""/>
      <property name="Sheetfile" value="ahoy_pcb.kicad_sch"/>
      <sheetpath names="/" tstamps="/"/>
      <tstamps>3a538904-1d97-4669-8a4a-d4cee00292ce</tstamps>
    </comp>
    <comp ref="MX10">
      <value>MX-NoLED</value>
      <footprint>ai03 MX Only Footprints:MXOnly-1U-NoLED</footprint>
      <libsource lib="MX_Alps_Hybrid" part="MX-NoLED" description=""/>
      <property name="Sheetname" value=""/>
      <property name="Sheetfile" value="ahoy_pcb.kicad_sch"/>
      <sheetpath names="/" tstamps="/"/>
      <tstamps>eb645112-84ad-47c7-acbe-99be2e2822db</tstamps>
    </comp>
    <comp ref="MX11">
      <value>MX-NoLED</value>
      <footprint>ai03 MX Only Footprints:MXOnly-1U-NoLED</footprint>
      <libsource lib="MX_Alps_Hybrid" part="MX-NoLED" description=""/>
      <property name="Sheetname" value=""/>
      <property name="Sheetfile" value="ahoy_pcb.kicad_sch"/>
      <sheetpath names="/" tstamps="/"/>
      <tstamps>c8b8c07e-6e18-45a9-b4b3-fb735bf4675f</tstamps>
    </comp>
    <comp ref="MX12">
      <value>MX-NoLED</value>
      <footprint>ai03 MX Only Footprints:MXOnly-1U-NoLED</footprint>
      <libsource lib="MX_Alps_Hybrid" part="MX-NoLED" description=""/>
      <property name="Sheetname" value=""/>
      <property name="Sheetfile" value="ahoy_pcb.kicad_sch"/>
      <sheetpath names="/" tstamps="/"/>
      <tstamps>dfbf15c7-de9e-4155-a71c-87705eacea71</tstamps>
    </comp>
    <comp ref="MX13">
      <value>MX-NoLED</value>
      <footprint>ai03 MX Only Footprints:MXOnly-1U-NoLED</footprint>
      <libsource lib="MX_Alps_Hybrid" part="MX-NoLED" description=""/>
      <property name="Sheetname" value=""/>
      <property name="Sheetfile" value="ahoy_pcb.kicad_sch"/>
      <sheetpath names="/" tstamps="/"/>
      <tstamps>2259cd8d-7696-4b35-9696-b54a013fee05</tstamps>
    </comp>
    <comp ref="MX14">
      <value>MX-NoLED</value>
      <footprint>ai03 MX Only Footprints:MXOnly-1U-NoLED</footprint>
      <libsource lib="MX_Alps_Hybrid" part="MX-NoLED" description=""/>
      <property name="Sheetname" value=""/>
      <property name="Sheetfile" value="ahoy_pcb.kicad_sch"/>
      <sheetpath names="/" tstamps="/"/>
      <tstamps>9d1271b5-83eb-4d03-b21b-ba30c765c606</tstamps>
    </comp>
    <comp ref="MX15">
      <value>MX-NoLED</value>
      <footprint>ai03 MX Only Footprints:MXOnly-1U-NoLED</footprint>
      <libsource lib="MX_Alps_Hybrid" part="MX-NoLED" description=""/>
      <property name="Sheetname" value=""/>
      <property name="Sheetfile" value="ahoy_pcb.kicad_sch"/>
      <sheetpath names="/" tstamps="/"/>
      <tstamps>1e3d38c3-743e-4a8a-9183-281df89ae5a3</tstamps>
    </comp>
    <comp ref="MX16">
      <value>MX-NoLED</value>
      <footprint>ai03 MX Only Footprints:MXOnly-2U-ReversedStabilizers-NoLED</footprint>
      <libsource lib="MX_Alps_Hybrid" part="MX-NoLED" description=""/>
      <property name="Sheetname" value=""/>
      <property name="Sheetfile" value="ahoy_pcb.kicad_sch"/>
      <sheetpath names="/" tstamps="/"/>
      <tstamps>e2fba899-479c-4168-8875-c209c40a677e</tstamps>
    </comp>
    <comp ref="MX17">
      <value>MX-NoLED</value>
      <footprint>ai03 MX Only Footprints:MXOnly-1U-NoLED</footprint>
      <libsource lib="MX_Alps_Hybrid" part="MX-NoLED" description=""/>
      <property name="Sheetname" value=""/>
      <property name="Sheetfile" value="ahoy_pcb.kicad_sch"/>
      <sheetpath names="/" tstamps="/"/>
      <tstamps>a473a2d2-51ea-4080-9cae-591c78329c66</tstamps>
    </comp>
    <comp ref="MX18">
      <value>MX-NoLED</value>
      <footprint>ai03 MX Only Footprints:MXOnly-1U-NoLED</footprint>
      <libsource lib="MX_Alps_Hybrid" part="MX-NoLED" description=""/>
      <property name="Sheetname" value=""/>
      <property name="Sheetfile" value="ahoy_pcb.kicad_sch"/>
      <sheetpath names="/" tstamps="/"/>
      <tstamps>e1e841bd-d3e1-4b8d-96e1-83c150a9f49d</tstamps>
    </comp>
    <comp ref="MX19">
      <value>MX-NoLED</value>
      <footprint>ai03 MX Only Footprints:MXOnly-1U-NoLED</footprint>
      <libsource lib="MX_Alps_Hybrid" part="MX-NoLED" description=""/>
      <property name="Sheetname" value=""/>
      <property name="Sheetfile" value="ahoy_pcb.kicad_sch"/>
      <sheetpath names="/" tstamps="/"/>
      <tstamps>2645704e-936c-41e1-b4d1-01eda72537c6</tstamps>
    </comp>
    <comp ref="MX20">
      <value>MX-NoLED</value>
      <footprint>ai03 MX Only Footprints:MXOnly-1U-NoLED</footprint>
      <libsource lib="MX_Alps_Hybrid" part="MX-NoLED" description=""/>
      <property name="Sheetname" value=""/>
      <property name="Sheetfile" value="ahoy_pcb.kicad_sch"/>
      <sheetpath names="/" tstamps="/"/>
      <tstamps>f60fba3c-4f2d-4847-8012-37e11004f379</tstamps>
    </comp>
    <comp ref="MX21">
      <value>MX-NoLED</value>
      <footprint>ai03 MX Only Footprints:MXOnly-1U-NoLED</footprint>
      <libsource lib="MX_Alps_Hybrid" part="MX-NoLED" description=""/>
      <property name="Sheetname" value=""/>
      <property name="Sheetfile" value="ahoy_pcb.kicad_sch"/>
      <sheetpath names="/" tstamps="/"/>
      <tstamps>5377adf8-9e29-4116-84b2-c96e05321adc</tstamps>
    </comp>
    <comp ref="MX22">
      <value>MX-NoLED</value>
      <footprint>ai03 MX Only Footprints:MXOnly-1U-NoLED</footprint>
      <libsource lib="MX_Alps_Hybrid" part="MX-NoLED" description=""/>
      <property name="Sheetname" value=""/>
      <property name="Sheetfile" value="ahoy_pcb.kicad_sch"/>
      <sheetpath names="/" tstamps="/"/>
      <tstamps>b2530cc2-9401-4e5c-945f-d3a644798f91</tstamps>
    </comp>
    <comp ref="MX23">
      <value>MX-NoLED</value>
      <footprint>ai03 MX Only Footprints:MXOnly-1U-NoLED</footprint>
      <libsource lib="MX_Alps_Hybrid" part="MX-NoLED" description=""/>
      <property name="Sheetname" value=""/>
      <property name="Sheetfile" value="ahoy_pcb.kicad_sch"/>
      <sheetpath names="/" tstamps="/"/>
      <tstamps>94e9f6a4-8480-49f8-aaf1-00ee48c94c79</tstamps>
    </comp>
    <comp ref="MX24">
      <value>MX-NoLED</value>
      <footprint>ai03 MX Only Footprints:MXOnly-1U-NoLED</footprint>
      <libsource lib="MX_Alps_Hybrid" part="MX-NoLED" description=""/>
      <property name="Sheetname" value=""/>
      <property name="Sheetfile" value="ahoy_pcb.kicad_sch"/>
      <sheetpath names="/" tstamps="/"/>
      <tstamps>ede3a12f-ccf7-4b8a-a5ca-4bbffe89b177</tstamps>
    </comp>
    <comp ref="MX25">
      <value>MX-NoLED</value>
      <footprint>ai03 MX Only Footprints:MXOnly-1U-NoLED</footprint>
      <libsource lib="MX_Alps_Hybrid" part="MX-NoLED" description=""/>
      <property name="Sheetname" value=""/>
      <property name="Sheetfile" value="ahoy_pcb.kicad_sch"/>
      <sheetpath names="/" tstamps="/"/>
      <tstamps>fe04b95d-c7a6-4b1e-a054-ca0616806e42</tstamps>
    </comp>
    <comp ref="MX26">
      <value>MX-NoLED</value>
      <footprint>ai03 MX Only Footprints:MXOnly-1U-NoLED</footprint>
      <libsource lib="MX_Alps_Hybrid" part="MX-NoLED" description=""/>
      <property name="Sheetname" value=""/>
      <property name="Sheetfile" value="ahoy_pcb.kicad_sch"/>
      <sheetpath names="/" tstamps="/"/>
      <tstamps>655a52bc-1948-4885-96b8-b6582bb1a4b8</tstamps>
    </comp>
    <comp ref="MX27">
      <value>MX-NoLED</value>
      <footprint>ai03 MX Only Footprints:MXOnly-1U-NoLED</footprint>
      <libsource lib="MX_Alps_Hybrid" part="MX-NoLED" description=""/>
      <property name="Sheetname" value=""/>
      <property name="Sheetfile" value="ahoy_pcb.kicad_sch"/>
      <sheetpath names="/" tstamps="/"/>
      <tstamps>96fa6f51-b033-4d1e-b020-5b8c8068697b</tstamps>
    </comp>
    <comp ref="MX28">
      <value>MX-NoLED</value>
      <footprint>ai03 MX Only Footprints:MXOnly-1U-NoLED</footprint>
      <libsource lib="MX_Alps_Hybrid" part="MX-NoLED" description=""/>
      <property name="Sheetname" value=""/>
      <property name="Sheetfile" value="ahoy_pcb.kicad_sch"/>
      <sheetpath names="/" tstamps="/"/>
      <tstamps>6a539077-0d5b-481c-9ea5-27a0aa4f2977</tstamps>
    </comp>
    <comp ref="MX29">
      <value>MX-NoLED</value>
      <footprint>ai03 MX Only Footprints:MXOnly-1U-NoLED</footprint>
      <libsource lib="MX_Alps_Hybrid" part="MX-NoLED" description=""/>
      <property name="Sheetname" value=""/>
      <property name="Sheetfile" value="ahoy_pcb.kicad_sch"/>
      <sheetpath names="/" tstamps="/"/>
      <tstamps>36ba652f-9f41-4fdc-a356-385932eb8572</tstamps>
    </comp>
    <comp ref="MX30">
      <value>MX-NoLED</value>
      <footprint>ai03 MX Only Footprints:MXOnly-1U-NoLED</footprint>
      <libsource lib="MX_Alps_Hybrid" part="MX-NoLED" description=""/>
      <property name="Sheetname" value=""/>
      <property name="Sheetfile" value="ahoy_pcb.kicad_sch"/>
      <sheetpath names="/" tstamps="/"/>
      <tstamps>1cbe456c-cfb3-44ad-bec8-ef553695664a</tstamps>
    </comp>
    <comp ref="MX31">
      <value>MX-NoLED</value>
      <footprint>ai03 MX Only Footprints:MXOnly-1U-NoLED</footprint>
      <libsource lib="MX_Alps_Hybrid" part="MX-NoLED" description=""/>
      <property name="Sheetname" value=""/>
      <property name="Sheetfile" value="ahoy_pcb.kicad_sch"/>
      <sheetpath names="/" tstamps="/"/>
      <tstamps>8b6b9965-1001-48c1-bf69-2e7cb84f63ca</tstamps>
    </comp>
    <comp ref="MX32">
      <value>MX-NoLED</value>
      <footprint>ai03 MX Only Footprints:MXOnly-2U-ReversedStabilizers-NoLED</footprint>
      <libsource lib="MX_Alps_Hybrid" part="MX-NoLED" description=""/>
      <property name="Sheetname" value=""/>
      <property name="Sheetfile" value="ahoy_pcb.kicad_sch"/>
      <sheetpath names="/" tstamps="/"/>
      <tstamps>c60fc349-306f-45b3-80db-578f204842e1</tstamps>
    </comp>
    <comp ref="MX33">
      <value>MX-NoLED</value>
      <footprint>ai03 MX Only Footprints:MXOnly-2U-ReversedStabilizers-NoLED</footprint>
      <libsource lib="MX_Alps_Hybrid" part="MX-NoLED" description=""/>
      <property name="Sheetname" value=""/>
      <property name="Sheetfile" value="ahoy_pcb.kicad_sch"/>
      <sheetpath names="/" tstamps="/"/>
      <tstamps>31cc067f-539f-4719-8aa0-8d3587ee569c</tstamps>
    </comp>
    <comp ref="P1">
      <value>TC2030-AVR</value>
      <footprint>Acheron Connectors:PinHeader_2x3_P2.54mm_Vertical</footprint>
      <libsource lib="keebio" part="TC2030-AVR" description=""/>
      <property name="Sheetname" value=""/>
      <property name="Sheetfile" value="ahoy_pcb.kicad_sch"/>
      <sheetpath names="/" tstamps="/"/>
      <tstamps>5d4acfeb-0f1d-4e61-921f-9cad45cbb927</tstamps>
    </comp>
    <comp ref="R1">
      <value>22</value>
      <footprint>Resistor_SMD:R_0805_2012Metric</footprint>
      <datasheet>~</datasheet>
      <libsource lib="Device" part="R_Small" description="Resistor, small symbol"/>
      <property name="Sheetname" value=""/>
      <property name="Sheetfile" value="ahoy_pcb.kicad_sch"/>
      <sheetpath names="/" tstamps="/"/>
      <tstamps>34cabdb6-985a-4a9a-b205-7760e8b4ccf7</tstamps>
    </comp>
    <comp ref="R2">
      <value>22</value>
      <footprint>Resistor_SMD:R_0805_2012Metric</footprint>
      <datasheet>~</datasheet>
      <libsource lib="Device" part="R_Small" description="Resistor, small symbol"/>
      <property name="Sheetname" value=""/>
      <property name="Sheetfile" value="ahoy_pcb.kicad_sch"/>
      <sheetpath names="/" tstamps="/"/>
      <tstamps>cc608904-2f06-4d54-b99e-36238ef4b978</tstamps>
    </comp>
    <comp ref="R3">
      <value>10K</value>
      <footprint>Resistor_SMD:R_0805_2012Metric</footprint>
      <datasheet>~</datasheet>
      <libsource lib="Device" part="R_Small" description="Resistor, small symbol"/>
      <property name="Sheetname" value=""/>
      <property name="Sheetfile" value="ahoy_pcb.kicad_sch"/>
      <sheetpath names="/" tstamps="/"/>
      <tstamps>618f6f67-6cc1-411c-a9a4-e667754e698c</tstamps>
    </comp>
    <comp ref="R4">
      <value>10K</value>
      <footprint>Resistor_SMD:R_0805_2012Metric</footprint>
      <datasheet>~</datasheet>
      <libsource lib="Device" part="R_Small" description="Resistor, small symbol"/>
      <property name="Sheetname" value=""/>
      <property name="Sheetfile" value="ahoy_pcb.kicad_sch"/>
      <sheetpath names="/" tstamps="/"/>
      <tstamps>08f1de98-7a33-4d65-b8af-f77e21794acb</tstamps>
    </comp>
    <comp ref="R5">
      <value>5.1K</value>
      <footprint>Resistor_SMD:R_0805_2012Metric</footprint>
      <datasheet>~</datasheet>
      <libsource lib="Device" part="R_Small" description="Resistor, small symbol"/>
      <property name="Sheetname" value=""/>
      <property name="Sheetfile" value="ahoy_pcb.kicad_sch"/>
      <sheetpath names="/" tstamps="/"/>
      <tstamps>7545bf25-7d80-4f94-8e34-c83577cfda20</tstamps>
    </comp>
    <comp ref="R6">
      <value>5.1K</value>
      <footprint>Resistor_SMD:R_0805_2012Metric</footprint>
      <datasheet>~</datasheet>
      <libsource lib="Device" part="R_Small" description="Resistor, small symbol"/>
      <property name="Sheetname" value=""/>
      <property name="Sheetfile" value="ahoy_pcb.kicad_sch"/>
      <sheetpath names="/" tstamps="/"/>
      <tstamps>5c5e3862-2a8a-436a-878f-3ada5d3b1293</tstamps>
    </comp>
    <comp ref="R7">
      <value>5K</value>
      <footprint>Resistor_SMD:R_0805_2012Metric</footprint>
      <datasheet>~</datasheet>
      <libsource lib="Device" part="R_Small" description="Resistor, small symbol"/>
      <property name="Sheetname" value=""/>
      <property name="Sheetfile" value="ahoy_pcb.kicad_sch"/>
      <sheetpath names="/" tstamps="/"/>
      <tstamps>447f8335-650b-4dd5-a43f-5e4f77de00b8</tstamps>
    </comp>
    <comp ref="R8">
      <value>5K</value>
      <footprint>Resistor_SMD:R_0805_2012Metric</footprint>
      <datasheet>~</datasheet>
      <libsource lib="Device" part="R_Small" description="Resistor, small symbol"/>
      <property name="Sheetname" value=""/>
      <property name="Sheetfile" value="ahoy_pcb.kicad_sch"/>
      <sheetpath names="/" tstamps="/"/>
      <tstamps>b0434e3d-f903-4129-bee2-9691760ab540</tstamps>
    </comp>
    <comp ref="R9">
      <value>5K</value>
      <footprint>Resistor_SMD:R_0805_2012Metric</footprint>
      <datasheet>~</datasheet>
      <libsource lib="Device" part="R_Small" description="Resistor, small symbol"/>
      <property name="Sheetname" value=""/>
      <property name="Sheetfile" value="ahoy_pcb.kicad_sch"/>
      <sheetpath names="/" tstamps="/"/>
      <tstamps>eae4c9a1-fa57-4675-b18c-8e9139beee0e</tstamps>
    </comp>
    <comp ref="R10">
      <value>470</value>
      <footprint>Resistor_SMD:R_0805_2012Metric</footprint>
      <datasheet>~</datasheet>
      <libsource lib="Device" part="R_Small" description="Resistor, small symbol"/>
      <property name="Sheetname" value=""/>
      <property name="Sheetfile" value="ahoy_pcb.kicad_sch"/>
      <sheetpath names="/" tstamps="/"/>
      <tstamps>5ff495be-d1f0-4635-85d4-b01840dd7fe8</tstamps>
    </comp>
    <comp ref="SW1">
      <value>SW_Push</value>
      <footprint>ai03 Random Parts:SKQG-1155865</footprint>
      <datasheet>~</datasheet>
      <libsource lib="Switch" part="SW_Push" description="Push button switch, generic, two pins"/>
      <property name="Sheetname" value=""/>
      <property name="Sheetfile" value="ahoy_pcb.kicad_sch"/>
      <sheetpath names="/" tstamps="/"/>
      <tstamps>7f95b1ab-3a62-4638-8e3a-7b9e99116ba5</tstamps>
    </comp>
    <comp ref="SW2">
      <value>Rotary_Encoder_Switch_Chassis</value>
      <footprint>Rotary_Encoder:RotaryEncoder_Alps_EC11E-Switch_Vertical_H20mm_CircularMountingHoles</footprint>
      <datasheet>~</datasheet>
      <libsource lib="acheron_Symbols" part="Rotary_Encoder_Switch_Chassis" description="Rotary encoder, dual channel, incremental quadrate outputs, with switch"/>
      <property name="Sheetname" value=""/>
      <property name="Sheetfile" value="ahoy_pcb.kicad_sch"/>
      <sheetpath names="/" tstamps="/"/>
      <tstamps>aac4cd9b-8de6-44b1-be82-93284f4bcab8</tstamps>
    </comp>
    <comp ref="U1">
      <value>ATmega32U4-A</value>
      <footprint>Package_QFP:TQFP-44_10x10mm_P0.8mm</footprint>
      <datasheet>http://ww1.microchip.com/downloads/en/DeviceDoc/Atmel-7766-8-bit-AVR-ATmega16U4-32U4_Datasheet.pdf</datasheet>
      <libsource lib="MCU_Microchip_ATmega" part="ATmega32U4-A" description="16MHz, 32kB Flash, 2.5kB SRAM, 1kB EEPROM, USB 2.0, TQFP-44"/>
      <property name="Sheetname" value=""/>
      <property name="Sheetfile" value="ahoy_pcb.kicad_sch"/>
      <sheetpath names="/" tstamps="/"/>
      <tstamps>79fde07c-99e6-4ef4-bf4a-0d25f7a585dc</tstamps>
    </comp>
    <comp ref="U2">
      <value>USBLC6-2SC6</value>
      <footprint>Package_TO_SOT_SMD:SOT-23-6</footprint>
      <datasheet>https://www.st.com/resource/en/datasheet/usblc6-2.pdf</datasheet>
      <libsource lib="Power_Protection" part="USBLC6-2SC6" description="Very low capacitance ESD protection diode, 2 data-line, SOT-23-6"/>
      <property name="Sheetname" value=""/>
      <property name="Sheetfile" value="ahoy_pcb.kicad_sch"/>
      <sheetpath names="/" tstamps="/"/>
      <tstamps>39ce9710-fa79-4a4c-b0fc-7d8aef5412ac</tstamps>
    </comp>
    <comp ref="USB1">
      <value>HRO-TYPE-C-31-M-12</value>
      <footprint>ai03 Type C:HRO-TYPE-C-31-M-12-Assembly</footprint>
      <libsource lib="Type-C" part="HRO-TYPE-C-31-M-12" description=""/>
      <property name="Sheetname" value=""/>
      <property name="Sheetfile" value="ahoy_pcb.kicad_sch"/>
      <sheetpath names="/" tstamps="/"/>
      <tstamps>c496cfdb-c832-4df0-beca-cbb673072d4d</tstamps>
    </comp>
    <comp ref="Y1">
      <value>16MHz</value>
      <footprint>Crystal:Crystal_SMD_3225-4Pin_3.2x2.5mm</footprint>
      <datasheet>~</datasheet>
      <libsource lib="Device" part="Crystal_GND24_Small" description="Four pin crystal, GND on pins 2 and 4, small symbol"/>
      <property name="Sheetname" value=""/>
      <property name="Sheetfile" value="ahoy_pcb.kicad_sch"/>
      <sheetpath names="/" tstamps="/"/>
      <tstamps>05b34423-4e52-47f1-9ec9-f857657b5869</tstamps>
    </comp>
  </components>
  <libparts>
    <libpart lib="Device" part="C_Small">
      <description>Unpolarized capacitor, small symbol</description>
      <docs>~</docs>
      <footprints>
        <fp>C_*</fp>
      </footprints>
      <fields>
        <field name="Reference">C</field>
        <field name="Value">C_Small</field>
        <field name="Datasheet">~</field>
      </fields>
      <pins>
        <pin num="1" name="~" type="passive"/>
        <pin num="2" name="~" type="passive"/>
      </pins>
    </libpart>
    <libpart lib="Device" part="Crystal_GND24_Small">
      <description>Four pin crystal, GND on pins 2 and 4, small symbol</description>
      <docs>~</docs>
      <footprints>
        <fp>Crystal*</fp>
      </footprints>
      <fields>
        <field name="Reference">Y</field>
        <field name="Value">Crystal_GND24_Small</field>
        <field name="Datasheet">~</field>
      </fields>
      <pins>
        <pin num="1" name="1" type="passive"/>
        <pin num="2" name="2" type="passive"/>
        <pin num="3" name="3" type="passive"/>
        <pin num="4" name="4" type="passive"/>
      </pins>
    </libpart>
    <libpart lib="Device" part="D_Small">
      <description>Diode, small symbol</description>
      <docs>~</docs>
      <footprints>
        <fp>TO-???*</fp>
        <fp>*_Diode_*</fp>
        <fp>*SingleDiode*</fp>
        <fp>D_*</fp>
      </footprints>
      <fields>
        <field name="Reference">D</field>
        <field name="Value">D_Small</field>
        <field name="Datasheet">~</field>
      </fields>
      <pins>
        <pin num="1" name="K" type="passive"/>
        <pin num="2" name="A" type="passive"/>
      </pins>
    </libpart>
    <libpart lib="Device" part="LED_Small">
      <description>Light emitting diode, small symbol</description>
      <docs>~</docs>
      <footprints>
        <fp>LED*</fp>
        <fp>LED_SMD:*</fp>
        <fp>LED_THT:*</fp>
      </footprints>
      <fields>
        <field name="Reference">D</field>
        <field name="Value">LED_Small</field>
        <field name="Datasheet">~</field>
      </fields>
      <pins>
        <pin num="1" name="K" type="passive"/>
        <pin num="2" name="A" type="passive"/>
      </pins>
    </libpart>
    <libpart lib="Device" part="Polyfuse_Small">
      <description>Resettable fuse, polymeric positive temperature coefficient, small symbol</description>
      <docs>~</docs>
      <footprints>
        <fp>*polyfuse*</fp>
        <fp>*PTC*</fp>
      </footprints>
      <fields>
        <field name="Reference">F</field>
        <field name="Value">Polyfuse_Small</field>
        <field name="Datasheet">~</field>
      </fields>
      <pins>
        <pin num="1" name="~" type="passive"/>
        <pin num="2" name="~" type="passive"/>
      </pins>
    </libpart>
    <libpart lib="Device" part="R_Small">
      <description>Resistor, small symbol</description>
      <docs>~</docs>
      <footprints>
        <fp>R_*</fp>
      </footprints>
      <fields>
        <field name="Reference">R</field>
        <field name="Value">R_Small</field>
        <field name="Datasheet">~</field>
      </fields>
      <pins>
        <pin num="1" name="~" type="passive"/>
        <pin num="2" name="~" type="passive"/>
      </pins>
    </libpart>
    <libpart lib="MCU_Microchip_ATmega" part="ATmega32U4-A">
      <description>16MHz, 32kB Flash, 2.5kB SRAM, 1kB EEPROM, USB 2.0, TQFP-44</description>
      <docs>http://ww1.microchip.com/downloads/en/DeviceDoc/Atmel-7766-8-bit-AVR-ATmega16U4-32U4_Datasheet.pdf</docs>
      <footprints>
        <fp>TQFP*10x10mm*P0.8mm*</fp>
      </footprints>
      <fields>
        <field name="Reference">U</field>
        <field name="Value">ATmega32U4-A</field>
        <field name="Footprint">Package_QFP:TQFP-44_10x10mm_P0.8mm</field>
        <field name="Datasheet">http://ww1.microchip.com/downloads/en/DeviceDoc/Atmel-7766-8-bit-AVR-ATmega16U4-32U4_Datasheet.pdf</field>
      </fields>
      <pins>
        <pin num="1" name="PE6" type="bidirectional"/>
        <pin num="2" name="UVCC" type="power_in"/>
        <pin num="3" name="D-" type="bidirectional"/>
        <pin num="4" name="D+" type="bidirectional"/>
        <pin num="5" name="UGND" type="passive"/>
        <pin num="6" name="UCAP" type="passive"/>
        <pin num="7" name="VBUS" type="input"/>
        <pin num="8" name="PB0" type="bidirectional"/>
        <pin num="9" name="PB1" type="bidirectional"/>
        <pin num="10" name="PB2" type="bidirectional"/>
        <pin num="11" name="PB3" type="bidirectional"/>
        <pin num="12" name="PB7" type="bidirectional"/>
        <pin num="13" name="~RESET" type="input"/>
        <pin num="14" name="VCC" type="power_in"/>
        <pin num="15" name="GND" type="power_in"/>
        <pin num="16" name="XTAL2" type="output"/>
        <pin num="17" name="XTAL1" type="input"/>
        <pin num="18" name="PD0" type="bidirectional"/>
        <pin num="19" name="PD1" type="bidirectional"/>
        <pin num="20" name="PD2" type="bidirectional"/>
        <pin num="21" name="PD3" type="bidirectional"/>
        <pin num="22" name="PD5" type="bidirectional"/>
        <pin num="23" name="GND" type="passive"/>
        <pin num="24" name="AVCC" type="power_in"/>
        <pin num="25" name="PD4" type="bidirectional"/>
        <pin num="26" name="PD6" type="bidirectional"/>
        <pin num="27" name="PD7" type="bidirectional"/>
        <pin num="28" name="PB4" type="bidirectional"/>
        <pin num="29" name="PB5" type="bidirectional"/>
        <pin num="30" name="PB6" type="bidirectional"/>
        <pin num="31" name="PC6" type="bidirectional"/>
        <pin num="32" name="PC7" type="bidirectional"/>
        <pin num="33" name="~HWB~/PE2" type="bidirectional"/>
        <pin num="34" name="VCC" type="passive"/>
        <pin num="35" name="GND" type="passive"/>
        <pin num="36" name="PF7" type="bidirectional"/>
        <pin num="37" name="PF6" type="bidirectional"/>
        <pin num="38" name="PF5" type="bidirectional"/>
        <pin num="39" name="PF4" type="bidirectional"/>
        <pin num="40" name="PF1" type="bidirectional"/>
        <pin num="41" name="PF0" type="bidirectional"/>
        <pin num="42" name="AREF" type="passive"/>
        <pin num="43" name="GND" type="passive"/>
        <pin num="44" name="AVCC" type="passive"/>
      </pins>
    </libpart>
    <libpart lib="MX_Alps_Hybrid" part="MX-NoLED">
      <fields>
        <field name="Reference">MX</field>
        <field name="Value">MX-NoLED</field>
      </fields>
      <pins>
        <pin num="1" name="COL" type="passive"/>
        <pin num="2" name="ROW" type="passive"/>
      </pins>
    </libpart>
    <libpart lib="Power_Protection" part="USBLC6-2SC6">
      <description>Very low capacitance ESD protection diode, 2 data-line, SOT-23-6</description>
      <docs>https://www.st.com/resource/en/datasheet/usblc6-2.pdf</docs>
      <footprints>
        <fp>SOT?23*</fp>
      </footprints>
      <fields>
        <field name="Reference">U</field>
        <field name="Value">USBLC6-2SC6</field>
        <field name="Footprint">Package_TO_SOT_SMD:SOT-23-6</field>
        <field name="Datasheet">https://www.st.com/resource/en/datasheet/usblc6-2.pdf</field>
      </fields>
      <pins>
        <pin num="1" name="I/O1" type="passive"/>
        <pin num="2" name="GND" type="passive"/>
        <pin num="3" name="I/O2" type="passive"/>
        <pin num="4" name="I/O2" type="passive"/>
        <pin num="5" name="VBUS" type="passive"/>
        <pin num="6" name="I/O1" type="passive"/>
      </pins>
    </libpart>
    <libpart lib="Switch" part="SW_Push">
      <description>Push button switch, generic, two pins</description>
      <docs>~</docs>
      <fields>
        <field name="Reference">SW</field>
        <field name="Value">SW_Push</field>
        <field name="Datasheet">~</field>
      </fields>
      <pins>
        <pin num="1" name="1" type="passive"/>
        <pin num="2" name="2" type="passive"/>
      </pins>
    </libpart>
    <libpart lib="Type-C" part="HRO-TYPE-C-31-M-12">
      <fields>
        <field name="Reference">USB</field>
        <field name="Value">HRO-TYPE-C-31-M-12</field>
      </fields>
      <pins>
        <pin num="1" name="GND" type="input"/>
        <pin num="2" name="VBUS" type="input"/>
        <pin num="3" name="SBU2" type="input"/>
        <pin num="4" name="CC1" type="input"/>
        <pin num="5" name="DN2" type="input"/>
        <pin num="6" name="DP1" type="input"/>
        <pin num="7" name="DN1" type="input"/>
        <pin num="8" name="DP2" type="input"/>
        <pin num="9" name="SBU1" type="input"/>
        <pin num="10" name="CC2" type="input"/>
        <pin num="11" name="VBUS" type="input"/>
        <pin num="12" name="GND" type="input"/>
        <pin num="13" name="SHIELD" type="input"/>
      </pins>
    </libpart>
    <libpart lib="acheron_Symbols" part="Rotary_Encoder_Switch_Chassis">
      <description>Rotary encoder, dual channel, incremental quadrate outputs, with switch</description>
      <docs>~</docs>
      <footprints>
        <fp>RotaryEncoder*Switch*</fp>
      </footprints>
      <fields>
        <field name="Reference">SW</field>
        <field name="Value">Rotary_Encoder_Switch_Chassis</field>
        <field name="Datasheet">~</field>
      </fields>
      <pins>
        <pin num="A" name="A" type="passive"/>
        <pin num="B" name="B" type="passive"/>
        <pin num="C" name="C" type="passive"/>
        <pin num="S" name="Shield" type="bidirectional"/>
        <pin num="S1" name="S1" type="passive"/>
        <pin num="S2" name="S2" type="passive"/>
      </pins>
    </libpart>
    <libpart lib="keebio" part="TC2030-AVR">
      <footprints>
        <fp>TC2030*</fp>
      </footprints>
      <fields>
        <field name="Reference">P</field>
        <field name="Value">TC2030-AVR</field>
      </fields>
      <pins>
        <pin num="1" name="MISO/14" type="passive"/>
        <pin num="2" name="VCC" type="passive"/>
        <pin num="3" name="SCK/15" type="passive"/>
        <pin num="4" name="MOSI/16" type="passive"/>
        <pin num="5" name="RST" type="passive"/>
        <pin num="6" name="GND" type="passive"/>
      </pins>
    </libpart>
    <libpart lib="ws2812b" part="WS2812B">
      <description>RGB LED with integrated controller</description>
      <fields>
        <field name="Reference">LED</field>
        <field name="Value">WS2812B</field>
      </fields>
      <pins>
        <pin num="1" name="VCC" type="power_in"/>
        <pin num="2" name="DOUT" type="output"/>
        <pin num="3" name="GND" type="power_in"/>
        <pin num="4" name="DIN" type="input"/>
      </pins>
    </libpart>
  </libparts>
  <libraries>
    <library logical="Device">
      <uri>C:\Program Files\KiCad\5.99\bin\..\share\kicad\library\/Device.kicad_sym</uri>
    </library>
    <library logical="MCU_Microchip_ATmega">
      <uri>C:\Program Files\KiCad\5.99\bin\..\share\kicad\library\/MCU_Microchip_ATmega.kicad_sym</uri>
    </library>
    <library logical="MX_Alps_Hybrid">
      <uri>Z:/Keyboard Stuff/03_kicad_footprints/ai03_mx_alps_hybrid/Schematic Library/MX_Alps_Hybrid.lib</uri>
    </library>
    <library logical="Power_Protection">
      <uri>C:\Program Files\KiCad\5.99\bin\..\share\kicad\library\/Power_Protection.kicad_sym</uri>
    </library>
    <library logical="Switch">
      <uri>C:\Program Files\KiCad\5.99\bin\..\share\kicad\library\/Switch.kicad_sym</uri>
    </library>
    <library logical="Type-C">
      <uri>Z:/Keyboard Stuff/03_kicad_footprints/ai03_type-c/Type-C.lib</uri>
    </library>
    <library logical="acheron_Symbols">
      <uri>Z:/Keyboard Stuff/03_kicad_footprints/acheron_Symbols/acheron_Symbols.kicad_sym</uri>
    </library>
    <library logical="keebio">
      <uri>Z:/Keyboard Stuff/03_kicad_footprints/keebio_components/keebio.lib</uri>
    </library>
    <library logical="ws2812b">
      <uri>Z:/Keyboard Stuff/03_kicad_footprints/ai03_ws2812_rgb/Schematic-Symbol/ws2812b.lib</uri>
    </library>
  </libraries>
  <nets>
    <net code="1" name="+5V">
      <node ref="C10" pin="2" pintype="passive"/>
      <node ref="C11" pin="2" pintype="passive"/>
      <node ref="C12" pin="2" pintype="passive"/>
      <node ref="C13" pin="2" pintype="passive"/>
      <node ref="C14" pin="2" pintype="passive"/>
      <node ref="C15" pin="2" pintype="passive"/>
      <node ref="C4" pin="1" pintype="passive"/>
      <node ref="C5" pin="1" pintype="passive"/>
      <node ref="C6" pin="1" pintype="passive"/>
      <node ref="C7" pin="1" pintype="passive"/>
      <node ref="C8" pin="2" pintype="passive"/>
      <node ref="C9" pin="2" pintype="passive"/>
      <node ref="F1" pin="2" pintype="passive"/>
      <node ref="LED1" pin="1" pinfunction="VCC" pintype="power_in"/>
      <node ref="LED2" pin="1" pinfunction="VCC" pintype="power_in"/>
      <node ref="LED3" pin="1" pinfunction="VCC" pintype="power_in"/>
      <node ref="LED4" pin="1" pinfunction="VCC" pintype="power_in"/>
      <node ref="LED5" pin="1" pinfunction="VCC" pintype="power_in"/>
      <node ref="LED6" pin="1" pinfunction="VCC" pintype="power_in"/>
      <node ref="LED7" pin="1" pinfunction="VCC" pintype="power_in"/>
      <node ref="LED8" pin="1" pinfunction="VCC" pintype="power_in"/>
      <node ref="P1" pin="2" pinfunction="VCC" pintype="passive"/>
      <node ref="R3" pin="1" pintype="passive"/>
      <node ref="U1" pin="14" pinfunction="VCC" pintype="power_in"/>
      <node ref="U1" pin="2" pinfunction="UVCC" pintype="power_in"/>
      <node ref="U1" pin="24" pinfunction="AVCC" pintype="power_in"/>
      <node ref="U1" pin="34" pinfunction="VCC" pintype="passive"/>
      <node ref="U1" pin="44" pinfunction="AVCC" pintype="passive"/>
      <node ref="U1" pin="7" pinfunction="VBUS" pintype="input"/>
    </net>
    <net code="2" name="CAPS_LOCK">
      <node ref="D32" pin="2" pinfunction="A" pintype="passive"/>
      <node ref="U1" pin="26" pinfunction="PD6" pintype="bidirectional"/>
    </net>
    <net code="3" name="Col0">
      <node ref="MX1" pin="1" pinfunction="COL" pintype="passive"/>
      <node ref="MX2" pin="1" pinfunction="COL" pintype="passive"/>
      <node ref="MX3" pin="1" pinfunction="COL" pintype="passive"/>
      <node ref="MX4" pin="1" pinfunction="COL" pintype="passive"/>
      <node ref="MX5" pin="1" pinfunction="COL" pintype="passive"/>
      <node ref="SW2" pin="S1" pinfunction="S1" pintype="passive"/>
      <node ref="U1" pin="31" pinfunction="PC6" pintype="bidirectional"/>
    </net>
    <net code="4" name="Col1">
      <node ref="MX10" pin="1" pinfunction="COL" pintype="passive"/>
      <node ref="MX6" pin="1" pinfunction="COL" pintype="passive"/>
      <node ref="MX7" pin="1" pinfunction="COL" pintype="passive"/>
      <node ref="MX8" pin="1" pinfunction="COL" pintype="passive"/>
      <node ref="MX9" pin="1" pinfunction="COL" pintype="passive"/>
      <node ref="U1" pin="32" pinfunction="PC7" pintype="bidirectional"/>
    </net>
    <net code="5" name="Col2">
      <node ref="MX11" pin="1" pinfunction="COL" pintype="passive"/>
      <node ref="MX12" pin="1" pinfunction="COL" pintype="passive"/>
      <node ref="MX13" pin="1" pinfunction="COL" pintype="passive"/>
      <node ref="MX14" pin="1" pinfunction="COL" pintype="passive"/>
      <node ref="MX15" pin="1" pinfunction="COL" pintype="passive"/>
      <node ref="MX16" pin="1" pinfunction="COL" pintype="passive"/>
      <node ref="U1" pin="27" pinfunction="PD7" pintype="bidirectional"/>
    </net>
    <net code="6" name="Col3">
      <node ref="MX17" pin="1" pinfunction="COL" pintype="passive"/>
      <node ref="MX18" pin="1" pinfunction="COL" pintype="passive"/>
      <node ref="MX19" pin="1" pinfunction="COL" pintype="passive"/>
      <node ref="MX20" pin="1" pinfunction="COL" pintype="passive"/>
      <node ref="MX21" pin="1" pinfunction="COL" pintype="passive"/>
      <node ref="U1" pin="28" pinfunction="PB4" pintype="bidirectional"/>
    </net>
    <net code="7" name="Col4">
      <node ref="MX22" pin="1" pinfunction="COL" pintype="passive"/>
      <node ref="MX23" pin="1" pinfunction="COL" pintype="passive"/>
      <node ref="MX24" pin="1" pinfunction="COL" pintype="passive"/>
      <node ref="MX25" pin="1" pinfunction="COL" pintype="passive"/>
      <node ref="MX26" pin="1" pinfunction="COL" pintype="passive"/>
      <node ref="U1" pin="29" pinfunction="PB5" pintype="bidirectional"/>
    </net>
    <net code="8" name="Col5">
      <node ref="MX27" pin="1" pinfunction="COL" pintype="passive"/>
      <node ref="MX28" pin="1" pinfunction="COL" pintype="passive"/>
      <node ref="MX29" pin="1" pinfunction="COL" pintype="passive"/>
      <node ref="MX30" pin="1" pinfunction="COL" pintype="passive"/>
      <node ref="MX31" pin="1" pinfunction="COL" pintype="passive"/>
      <node ref="MX32" pin="1" pinfunction="COL" pintype="passive"/>
      <node ref="MX33" pin="1" pinfunction="COL" pintype="passive"/>
      <node ref="U1" pin="30" pinfunction="PB6" pintype="bidirectional"/>
    </net>
    <net code="9" name="D+">
      <node ref="R2" pin="2" pintype="passive"/>
      <node ref="U2" pin="1" pinfunction="I/O1" pintype="passive"/>
    </net>
    <net code="10" name="D-">
      <node ref="R1" pin="1" pintype="passive"/>
      <node ref="U2" pin="3" pinfunction="I/O2" pintype="passive"/>
    </net>
    <net code="11" name="DBUS+">
      <node ref="U2" pin="6" pinfunction="I/O1" pintype="passive"/>
      <node ref="USB1" pin="6" pinfunction="DP1" pintype="input"/>
      <node ref="USB1" pin="8" pinfunction="DP2" pintype="input"/>
    </net>
    <net code="12" name="DBUS-">
      <node ref="U2" pin="4" pinfunction="I/O2" pintype="passive"/>
      <node ref="USB1" pin="5" pinfunction="DN2" pintype="input"/>
      <node ref="USB1" pin="7" pinfunction="DN1" pintype="input"/>
    </net>
    <net code="13" name="GND">
      <node ref="C1" pin="1" pintype="passive"/>
      <node ref="C10" pin="1" pintype="passive"/>
      <node ref="C11" pin="1" pintype="passive"/>
      <node ref="C12" pin="1" pintype="passive"/>
      <node ref="C13" pin="1" pintype="passive"/>
      <node ref="C14" pin="1" pintype="passive"/>
      <node ref="C15" pin="1" pintype="passive"/>
      <node ref="C2" pin="1" pintype="passive"/>
      <node ref="C3" pin="2" pintype="passive"/>
      <node ref="C4" pin="2" pintype="passive"/>
      <node ref="C5" pin="2" pintype="passive"/>
      <node ref="C6" pin="2" pintype="passive"/>
      <node ref="C7" pin="2" pintype="passive"/>
      <node ref="C8" pin="1" pintype="passive"/>
      <node ref="C9" pin="1" pintype="passive"/>
      <node ref="LED1" pin="3" pinfunction="GND" pintype="power_in"/>
      <node ref="LED2" pin="3" pinfunction="GND" pintype="power_in"/>
      <node ref="LED3" pin="3" pinfunction="GND" pintype="power_in"/>
      <node ref="LED4" pin="3" pinfunction="GND" pintype="power_in"/>
      <node ref="LED5" pin="3" pinfunction="GND" pintype="power_in"/>
      <node ref="LED6" pin="3" pinfunction="GND" pintype="power_in"/>
      <node ref="LED7" pin="3" pinfunction="GND" pintype="power_in"/>
      <node ref="LED8" pin="3" pinfunction="GND" pintype="power_in"/>
      <node ref="P1" pin="6" pinfunction="GND" pintype="passive"/>
      <node ref="R4" pin="2" pintype="passive"/>
      <node ref="R5" pin="1" pintype="passive"/>
      <node ref="R6" pin="1" pintype="passive"/>
      <node ref="R7" pin="1" pintype="passive"/>
      <node ref="R8" pin="2" pintype="passive"/>
      <node ref="R9" pin="2" pintype="passive"/>
      <node ref="SW1" pin="1" pinfunction="1" pintype="passive"/>
      <node ref="SW2" pin="C" pinfunction="C" pintype="passive"/>
      <node ref="U1" pin="15" pinfunction="GND" pintype="power_in"/>
      <node ref="U1" pin="23" pinfunction="GND" pintype="passive"/>
      <node ref="U1" pin="35" pinfunction="GND" pintype="passive"/>
      <node ref="U1" pin="43" pinfunction="GND" pintype="passive"/>
      <node ref="U1" pin="5" pinfunction="UGND" pintype="passive"/>
      <node ref="U2" pin="2" pinfunction="GND" pintype="passive"/>
      <node ref="USB1" pin="1" pinfunction="GND" pintype="input"/>
      <node ref="USB1" pin="12" pinfunction="GND" pintype="input"/>
      <node ref="USB1" pin="13" pinfunction="SHIELD" pintype="input"/>
      <node ref="Y1" pin="2" pinfunction="2" pintype="passive"/>
      <node ref="Y1" pin="4" pinfunction="4" pintype="passive"/>
    </net>
    <net code="14" name="MX27_B">
      <node ref="D1" pin="2" pinfunction="A" pintype="passive"/>
      <node ref="MX1" pin="2" pinfunction="ROW" pintype="passive"/>
      <node ref="SW2" pin="S2" pinfunction="S2" pintype="passive"/>
    </net>
    <net code="15" name="NUM_LOCK">
      <node ref="D33" pin="2" pinfunction="A" pintype="passive"/>
      <node ref="U1" pin="36" pinfunction="PF7" pintype="bidirectional"/>
    </net>
    <net code="16" name="Net-(C1-Pad2)">
      <node ref="C1" pin="2" pintype="passive"/>
      <node ref="U1" pin="17" pinfunction="XTAL1" pintype="input"/>
      <node ref="Y1" pin="3" pinfunction="3" pintype="passive"/>
    </net>
    <net code="17" name="Net-(C2-Pad2)">
      <node ref="C2" pin="2" pintype="passive"/>
      <node ref="U1" pin="16" pinfunction="XTAL2" pintype="output"/>
      <node ref="Y1" pin="1" pinfunction="1" pintype="passive"/>
    </net>
    <net code="18" name="Net-(C3-Pad1)">
      <node ref="C3" pin="1" pintype="passive"/>
      <node ref="U1" pin="6" pinfunction="UCAP" pintype="passive"/>
    </net>
    <net code="19" name="Net-(D2-Pad2)">
      <node ref="D2" pin="2" pinfunction="A" pintype="passive"/>
      <node ref="MX2" pin="2" pinfunction="ROW" pintype="passive"/>
    </net>
    <net code="20" name="Net-(D3-Pad2)">
      <node ref="D3" pin="2" pinfunction="A" pintype="passive"/>
      <node ref="MX3" pin="2" pinfunction="ROW" pintype="passive"/>
    </net>
    <net code="21" name="Net-(D4-Pad2)">
      <node ref="D4" pin="2" pinfunction="A" pintype="passive"/>
      <node ref="MX4" pin="2" pinfunction="ROW" pintype="passive"/>
    </net>
    <net code="22" name="Net-(D5-Pad2)">
      <node ref="D5" pin="2" pinfunction="A" pintype="passive"/>
      <node ref="MX5" pin="2" pinfunction="ROW" pintype="passive"/>
    </net>
    <net code="23" name="Net-(D6-Pad2)">
      <node ref="D6" pin="2" pinfunction="A" pintype="passive"/>
      <node ref="MX6" pin="2" pinfunction="ROW" pintype="passive"/>
    </net>
    <net code="24" name="Net-(D7-Pad2)">
      <node ref="D7" pin="2" pinfunction="A" pintype="passive"/>
      <node ref="MX7" pin="2" pinfunction="ROW" pintype="passive"/>
    </net>
    <net code="25" name="Net-(D8-Pad2)">
      <node ref="D8" pin="2" pinfunction="A" pintype="passive"/>
      <node ref="MX8" pin="2" pinfunction="ROW" pintype="passive"/>
    </net>
    <net code="26" name="Net-(D9-Pad2)">
      <node ref="D9" pin="2" pinfunction="A" pintype="passive"/>
      <node ref="MX9" pin="2" pinfunction="ROW" pintype="passive"/>
    </net>
    <net code="27" name="Net-(D10-Pad2)">
      <node ref="D10" pin="2" pinfunction="A" pintype="passive"/>
      <node ref="MX10" pin="2" pinfunction="ROW" pintype="passive"/>
    </net>
    <net code="28" name="Net-(D11-Pad2)">
      <node ref="D11" pin="2" pinfunction="A" pintype="passive"/>
      <node ref="MX11" pin="2" pinfunction="ROW" pintype="passive"/>
    </net>
    <net code="29" name="Net-(D12-Pad2)">
      <node ref="D12" pin="2" pinfunction="A" pintype="passive"/>
      <node ref="MX12" pin="2" pinfunction="ROW" pintype="passive"/>
    </net>
    <net code="30" name="Net-(D13-Pad2)">
      <node ref="D13" pin="2" pinfunction="A" pintype="passive"/>
      <node ref="MX13" pin="2" pinfunction="ROW" pintype="passive"/>
    </net>
    <net code="31" name="Net-(D14-Pad2)">
      <node ref="D14" pin="2" pinfunction="A" pintype="passive"/>
      <node ref="MX14" pin="2" pinfunction="ROW" pintype="passive"/>
    </net>
    <net code="32" name="Net-(D15-Pad2)">
      <node ref="D15" pin="2" pinfunction="A" pintype="passive"/>
      <node ref="MX15" pin="2" pinfunction="ROW" pintype="passive"/>
      <node ref="MX16" pin="2" pinfunction="ROW" pintype="passive"/>
    </net>
    <net code="33" name="Net-(D16-Pad2)">
      <node ref="D16" pin="2" pinfunction="A" pintype="passive"/>
      <node ref="MX19" pin="2" pinfunction="ROW" pintype="passive"/>
    </net>
    <net code="34" name="Net-(D17-Pad2)">
      <node ref="D17" pin="2" pinfunction="A" pintype="passive"/>
      <node ref="MX17" pin="2" pinfunction="ROW" pintype="passive"/>
    </net>
    <net code="35" name="Net-(D18-Pad2)">
      <node ref="D18" pin="2" pinfunction="A" pintype="passive"/>
      <node ref="MX18" pin="2" pinfunction="ROW" pintype="passive"/>
    </net>
    <net code="36" name="Net-(D19-Pad2)">
      <node ref="D19" pin="2" pinfunction="A" pintype="passive"/>
      <node ref="MX20" pin="2" pinfunction="ROW" pintype="passive"/>
    </net>
    <net code="37" name="Net-(D20-Pad2)">
      <node ref="D20" pin="2" pinfunction="A" pintype="passive"/>
      <node ref="MX21" pin="2" pinfunction="ROW" pintype="passive"/>
    </net>
    <net code="38" name="Net-(D21-Pad2)">
      <node ref="D21" pin="2" pinfunction="A" pintype="passive"/>
      <node ref="MX22" pin="2" pinfunction="ROW" pintype="passive"/>
    </net>
    <net code="39" name="Net-(D22-Pad2)">
      <node ref="D22" pin="2" pinfunction="A" pintype="passive"/>
      <node ref="MX23" pin="2" pinfunction="ROW" pintype="passive"/>
    </net>
    <net code="40" name="Net-(D23-Pad2)">
      <node ref="D23" pin="2" pinfunction="A" pintype="passive"/>
      <node ref="MX24" pin="2" pinfunction="ROW" pintype="passive"/>
    </net>
    <net code="41" name="Net-(D24-Pad2)">
      <node ref="D24" pin="2" pinfunction="A" pintype="passive"/>
      <node ref="MX25" pin="2" pinfunction="ROW" pintype="passive"/>
    </net>
    <net code="42" name="Net-(D25-Pad2)">
      <node ref="D25" pin="2" pinfunction="A" pintype="passive"/>
      <node ref="MX26" pin="2" pinfunction="ROW" pintype="passive"/>
    </net>
    <net code="43" name="Net-(D26-Pad2)">
      <node ref="D26" pin="2" pinfunction="A" pintype="passive"/>
      <node ref="MX27" pin="2" pinfunction="ROW" pintype="passive"/>
    </net>
    <net code="44" name="Net-(D27-Pad2)">
      <node ref="D27" pin="2" pinfunction="A" pintype="passive"/>
      <node ref="MX28" pin="2" pinfunction="ROW" pintype="passive"/>
      <node ref="MX32" pin="2" pinfunction="ROW" pintype="passive"/>
    </net>
    <net code="45" name="Net-(D28-Pad2)">
      <node ref="D28" pin="2" pinfunction="A" pintype="passive"/>
      <node ref="MX29" pin="2" pinfunction="ROW" pintype="passive"/>
    </net>
    <net code="46" name="Net-(D29-Pad2)">
      <node ref="D29" pin="2" pinfunction="A" pintype="passive"/>
      <node ref="MX30" pin="2" pinfunction="ROW" pintype="passive"/>
      <node ref="MX33" pin="2" pinfunction="ROW" pintype="passive"/>
    </net>
    <net code="47" name="Net-(D30-Pad2)">
      <node ref="D30" pin="2" pinfunction="A" pintype="passive"/>
      <node ref="MX31" pin="2" pinfunction="ROW" pintype="passive"/>
    </net>
    <net code="48" name="Net-(D31-Pad1)">
      <node ref="D31" pin="1" pinfunction="K" pintype="passive"/>
      <node ref="R7" pin="2" pintype="passive"/>
    </net>
    <net code="49" name="Net-(D32-Pad1)">
      <node ref="D32" pin="1" pinfunction="K" pintype="passive"/>
      <node ref="R8" pin="1" pintype="passive"/>
    </net>
    <net code="50" name="Net-(D33-Pad1)">
      <node ref="D33" pin="1" pinfunction="K" pintype="passive"/>
      <node ref="R9" pin="1" pintype="passive"/>
    </net>
    <net code="51" name="Net-(LED1-Pad2)">
      <node ref="LED1" pin="2" pinfunction="DOUT" pintype="output"/>
      <node ref="LED2" pin="4" pinfunction="DIN" pintype="input"/>
    </net>
    <net code="52" name="Net-(LED1-Pad4)">
      <node ref="LED1" pin="4" pinfunction="DIN" pintype="input"/>
      <node ref="R10" pin="1" pintype="passive"/>
    </net>
    <net code="53" name="Net-(LED2-Pad2)">
      <node ref="LED2" pin="2" pinfunction="DOUT" pintype="output"/>
      <node ref="LED3" pin="4" pinfunction="DIN" pintype="input"/>
    </net>
    <net code="54" name="Net-(LED3-Pad2)">
      <node ref="LED3" pin="2" pinfunction="DOUT" pintype="output"/>
      <node ref="LED4" pin="4" pinfunction="DIN" pintype="input"/>
    </net>
    <net code="55" name="Net-(LED4-Pad2)">
      <node ref="LED4" pin="2" pinfunction="DOUT" pintype="output"/>
      <node ref="LED5" pin="4" pinfunction="DIN" pintype="input"/>
    </net>
    <net code="56" name="Net-(LED5-Pad2)">
      <node ref="LED5" pin="2" pinfunction="DOUT" pintype="output"/>
      <node ref="LED6" pin="4" pinfunction="DIN" pintype="input"/>
    </net>
    <net code="57" name="Net-(LED6-Pad2)">
      <node ref="LED6" pin="2" pinfunction="DOUT" pintype="output"/>
      <node ref="LED7" pin="4" pinfunction="DIN" pintype="input"/>
    </net>
    <net code="58" name="Net-(LED7-Pad2)">
      <node ref="LED7" pin="2" pinfunction="DOUT" pintype="output"/>
      <node ref="LED8" pin="4" pinfunction="DIN" pintype="input"/>
    </net>
    <net code="59" name="Net-(R1-Pad2)">
      <node ref="R1" pin="2" pintype="passive"/>
      <node ref="U1" pin="3" pinfunction="D-" pintype="bidirectional"/>
    </net>
    <net code="60" name="Net-(R2-Pad1)">
      <node ref="R2" pin="1" pintype="passive"/>
      <node ref="U1" pin="4" pinfunction="D+" pintype="bidirectional"/>
    </net>
    <net code="61" name="Net-(R4-Pad1)">
      <node ref="R4" pin="1" pintype="passive"/>
      <node ref="U1" pin="33" pinfunction="~HWB~/PE2" pintype="bidirectional"/>
    </net>
    <net code="62" name="Net-(R5-Pad2)">
      <node ref="R5" pin="2" pintype="passive"/>
      <node ref="USB1" pin="10" pinfunction="CC2" pintype="input"/>
    </net>
    <net code="63" name="Net-(R6-Pad2)">
      <node ref="R6" pin="2" pintype="passive"/>
      <node ref="USB1" pin="4" pinfunction="CC1" pintype="input"/>
    </net>
    <net code="64" name="PB1">
      <node ref="P1" pin="3" pinfunction="SCK/15" pintype="passive"/>
      <node ref="U1" pin="9" pinfunction="PB1" pintype="bidirectional"/>
    </net>
    <net code="65" name="PB2">
      <node ref="P1" pin="4" pinfunction="MOSI/16" pintype="passive"/>
      <node ref="U1" pin="10" pinfunction="PB2" pintype="bidirectional"/>
    </net>
    <net code="66" name="PB3">
      <node ref="P1" pin="1" pinfunction="MISO/14" pintype="passive"/>
      <node ref="U1" pin="11" pinfunction="PB3" pintype="bidirectional"/>
    </net>
    <net code="67" name="RESET">
      <node ref="P1" pin="5" pinfunction="RST" pintype="passive"/>
      <node ref="R3" pin="2" pintype="passive"/>
      <node ref="SW1" pin="2" pinfunction="2" pintype="passive"/>
      <node ref="U1" pin="13" pinfunction="~RESET" pintype="input"/>
    </net>
    <net code="68" name="RGB_PIN">
      <node ref="R10" pin="2" pintype="passive"/>
      <node ref="U1" pin="37" pinfunction="PF6" pintype="bidirectional"/>
    </net>
    <net code="69" name="ROTARY_A">
      <node ref="SW2" pin="A" pinfunction="A" pintype="passive"/>
      <node ref="U1" pin="39" pinfunction="PF4" pintype="bidirectional"/>
    </net>
    <net code="70" name="ROTARY_B">
      <node ref="SW2" pin="B" pinfunction="B" pintype="passive"/>
      <node ref="U1" pin="38" pinfunction="PF5" pintype="bidirectional"/>
    </net>
    <net code="71" name="Row0">
      <node ref="D1" pin="1" pinfunction="K" pintype="passive"/>
      <node ref="D11" pin="1" pinfunction="K" pintype="passive"/>
      <node ref="D17" pin="1" pinfunction="K" pintype="passive"/>
      <node ref="D21" pin="1" pinfunction="K" pintype="passive"/>
      <node ref="D26" pin="1" pinfunction="K" pintype="passive"/>
      <node ref="D6" pin="1" pinfunction="K" pintype="passive"/>
      <node ref="U1" pin="18" pinfunction="PD0" pintype="bidirectional"/>
    </net>
    <net code="72" name="Row1">
      <node ref="D12" pin="1" pinfunction="K" pintype="passive"/>
      <node ref="D18" pin="1" pinfunction="K" pintype="passive"/>
      <node ref="D2" pin="1" pinfunction="K" pintype="passive"/>
      <node ref="D22" pin="1" pinfunction="K" pintype="passive"/>
      <node ref="D27" pin="1" pinfunction="K" pintype="passive"/>
      <node ref="D7" pin="1" pinfunction="K" pintype="passive"/>
      <node ref="U1" pin="19" pinfunction="PD1" pintype="bidirectional"/>
    </net>
    <net code="73" name="Row2">
      <node ref="D13" pin="1" pinfunction="K" pintype="passive"/>
      <node ref="D16" pin="1" pinfunction="K" pintype="passive"/>
      <node ref="D23" pin="1" pinfunction="K" pintype="passive"/>
      <node ref="D28" pin="1" pinfunction="K" pintype="passive"/>
      <node ref="D3" pin="1" pinfunction="K" pintype="passive"/>
      <node ref="D8" pin="1" pinfunction="K" pintype="passive"/>
      <node ref="U1" pin="20" pinfunction="PD2" pintype="bidirectional"/>
    </net>
    <net code="74" name="Row3">
      <node ref="D14" pin="1" pinfunction="K" pintype="passive"/>
      <node ref="D19" pin="1" pinfunction="K" pintype="passive"/>
      <node ref="D24" pin="1" pinfunction="K" pintype="passive"/>
      <node ref="D29" pin="1" pinfunction="K" pintype="passive"/>
      <node ref="D4" pin="1" pinfunction="K" pintype="passive"/>
      <node ref="D9" pin="1" pinfunction="K" pintype="passive"/>
      <node ref="U1" pin="21" pinfunction="PD3" pintype="bidirectional"/>
    </net>
    <net code="75" name="Row4">
      <node ref="D10" pin="1" pinfunction="K" pintype="passive"/>
      <node ref="D15" pin="1" pinfunction="K" pintype="passive"/>
      <node ref="D20" pin="1" pinfunction="K" pintype="passive"/>
      <node ref="D25" pin="1" pinfunction="K" pintype="passive"/>
      <node ref="D30" pin="1" pinfunction="K" pintype="passive"/>
      <node ref="D5" pin="1" pinfunction="K" pintype="passive"/>
      <node ref="U1" pin="22" pinfunction="PD5" pintype="bidirectional"/>
    </net>
    <net code="76" name="SCROLL_LOCK">
      <node ref="D31" pin="2" pinfunction="A" pintype="passive"/>
      <node ref="U1" pin="25" pinfunction="PD4" pintype="bidirectional"/>
    </net>
    <net code="77" name="VBUS">
      <node ref="F1" pin="1" pintype="passive"/>
      <node ref="U2" pin="5" pinfunction="VBUS" pintype="passive"/>
      <node ref="USB1" pin="11" pinfunction="VBUS" pintype="input"/>
      <node ref="USB1" pin="2" pinfunction="VBUS" pintype="input"/>
    </net>
    <net code="78" name="unconnected-(LED8-Pad2)">
      <node ref="LED8" pin="2" pinfunction="DOUT" pintype="output+no_connect"/>
    </net>
    <net code="79" name="unconnected-(SW2-PadS)">
      <node ref="SW2" pin="S" pinfunction="Shield" pintype="bidirectional+no_connect"/>
    </net>
    <net code="80" name="unconnected-(U1-Pad1)">
      <node ref="U1" pin="1" pinfunction="PE6" pintype="bidirectional+no_connect"/>
    </net>
    <net code="81" name="unconnected-(U1-Pad8)">
      <node ref="U1" pin="8" pinfunction="PB0" pintype="bidirectional+no_connect"/>
    </net>
    <net code="82" name="unconnected-(U1-Pad12)">
      <node ref="U1" pin="12" pinfunction="PB7" pintype="bidirectional+no_connect"/>
    </net>
    <net code="83" name="unconnected-(U1-Pad40)">
      <node ref="U1" pin="40" pinfunction="PF1" pintype="bidirectional+no_connect"/>
    </net>
    <net code="84" name="unconnected-(U1-Pad41)">
      <node ref="U1" pin="41" pinfunction="PF0" pintype="bidirectional+no_connect"/>
    </net>
    <net code="85" name="unconnected-(U1-Pad42)">
      <node ref="U1" pin="42" pinfunction="AREF" pintype="passive+no_connect"/>
    </net>
    <net code="86" name="unconnected-(USB1-Pad3)">
      <node ref="USB1" pin="3" pinfunction="SBU2" pintype="input+no_connect"/>
    </net>
    <net code="87" name="unconnected-(USB1-Pad9)">
      <node ref="USB1" pin="9" pinfunction="SBU1" pintype="input+no_connect"/>
    </net>
  </nets>
</export>
